property,postcode,transfer_unit_postcode,transfer_unit_travel_time,selected,selected,BNG_E,BNG_N,Latitude,Longitude,BNG_E_mt,BNG_N_mt,Latitude_mt,Longitude_mt,unit_coords,transfer_coords,line_coords,geometry
scenario,any,any,any,drip-and-ship,mothership,any,any,any,any,any,any,any,any,any,any,any,any
id,,,,,,,,,,,,,,,,,
0,B152TH,B152TH,0.0,0.0,0.0,404427.0,283926.0,52.453272,-1.9362835,404427.0,283926.0,52.453272,-1.9362835,"[404427.0, 283926.0]","[404427.0, 283926.0]","[[404427.0, 283926.0], [404427.0, 283926.0]]","LINESTRING (404427 283926, 404427 283926)"
1,B714HJ,B152TH,18.7,0.0,,400919.0,292165.0,52.527357,-1.9878844,404427.0,283926.0,52.453272,-1.9362835,"[400919.0, 292165.0]","[404427.0, 283926.0]","[[400919.0, 292165.0], [404427.0, 283926.0]]","LINESTRING (400919 292165, 404427 283926)"
2,B714HJ,,,,0.0,400919.0,292165.0,52.527357,-1.9878844,,,,,"[400919.0, 292165.0]","[nan, nan]","[[400919.0, 292165.0], [nan, nan]]","LINESTRING (400919 292165, NaN NaN)"
3,B95SS,,,0.0,0.0,411645.0,286935.0,52.480218,-1.8299656,,,,,"[411645.0, 286935.0]","[nan, nan]","[[411645.0, 286935.0], [nan, nan]]","LINESTRING (411645 286935, NaN NaN)"
4,BA13NG,BS105NB,33.7,1.0,,372922.0,166042.0,51.392764,-2.3905661,358935.0,177766.0,51.497333,-2.5929485,"[372922.0, 166042.0]","[358935.0, 177766.0]","[[372922.0, 166042.0], [358935.0, 177766.0]]","LINESTRING (372922 166042, 358935 177766)"
5,BA13NG,,,,0.0,372922.0,166042.0,51.392764,-2.3905661,,,,,"[372922.0, 166042.0]","[nan, nan]","[[372922.0, 166042.0], [nan, nan]]","LINESTRING (372922 166042, NaN NaN)"
6,BA214AT,BS105NB,74.5,1.0,,355562.0,116398.0,50.945297,-2.6339071,358935.0,177766.0,51.497333,-2.5929485,"[355562.0, 116398.0]","[358935.0, 177766.0]","[[355562.0, 116398.0], [358935.0, 177766.0]]","LINESTRING (355562 116398, 358935 177766)"
7,BA214AT,,,,0.0,355562.0,116398.0,50.945297,-2.6339071,,,,,"[355562.0, 116398.0]","[nan, nan]","[[355562.0, 116398.0], [nan, nan]]","LINESTRING (355562 116398, NaN NaN)"
8,BB23HH,PR29HT,26.2,0.0,,369305.0,426794.0,53.736622,-2.4668058,353495.0,433014.0,53.79135,-2.7074034,"[369305.0, 426794.0]","[353495.0, 433014.0]","[[369305.0, 426794.0], [353495.0, 433014.0]]","LINESTRING (369305 426794, 353495 433014)"
9,BB23HH,,,,0.0,369305.0,426794.0,53.736622,-2.4668058,,,,,"[369305.0, 426794.0]","[nan, nan]","[[369305.0, 426794.0], [nan, nan]]","LINESTRING (369305 426794, NaN NaN)"
10,BD96RJ,LS13EX,25.1,0.0,,413606.0,434418.0,53.805882,-1.7948794,429621.0,433998.0,53.801445,-1.5517436,"[413606.0, 434418.0]","[429621.0, 433998.0]","[[413606.0, 434418.0], [429621.0, 433998.0]]","LINESTRING (413606 434418, 429621 433998)"
11,BD96RJ,,,,0.0,413606.0,434418.0,53.805882,-1.7948794,,,,,"[413606.0, 434418.0]","[nan, nan]","[[413606.0, 434418.0], [nan, nan]]","LINESTRING (413606 434418, NaN NaN)"
12,BH152JB,,,0.0,0.0,401994.0,91374.0,50.721987,-1.9731169,,,,,"[401994.0, 91374.0]","[nan, nan]","[[401994.0, 91374.0], [nan, nan]]","LINESTRING (401994 91374, NaN NaN)"
13,BH77DW,SO166YD,39.1,0.0,,412760.0,94224.0,50.747482,-1.8205054,439793.0,114993.0,50.933019,-1.435104,"[412760.0, 94224.0]","[439793.0, 114993.0]","[[412760.0, 94224.0], [439793.0, 114993.0]]","LINESTRING (412760 94224, 439793 114993)"
14,BH77DW,,,,0.0,412760.0,94224.0,50.747482,-1.8205054,,,,,"[412760.0, 94224.0]","[nan, nan]","[[412760.0, 94224.0], [nan, nan]]","LINESTRING (412760 94224, NaN NaN)"
15,BL97TD,M68HD,24.1,0.0,,383200.0,411579.0,53.600505,-2.2553361,378686.0,398995.0,53.487232,-2.3226835,"[383200.0, 411579.0]","[378686.0, 398995.0]","[[383200.0, 411579.0], [378686.0, 398995.0]]","LINESTRING (383200 411579, 378686 398995)"
16,BL97TD,,,,0.0,383200.0,411579.0,53.600505,-2.2553361,,,,,"[383200.0, 411579.0]","[nan, nan]","[[383200.0, 411579.0], [nan, nan]]","LINESTRING (383200 411579, NaN NaN)"
17,BN112DH,BN25BE,31.6,0.0,,515323.0,103187.0,50.816758,-0.36432126,532654.0,103901.0,50.819468,-0.11817668,"[515323.0, 103187.0]","[532654.0, 103901.0]","[[515323.0, 103187.0], [532654.0, 103901.0]]","LINESTRING (515323 103187, 532654 103901)"
18,BN112DH,,,,0.0,515323.0,103187.0,50.816758,-0.36432126,,,,,"[515323.0, 103187.0]","[nan, nan]","[[515323.0, 103187.0], [nan, nan]]","LINESTRING (515323 103187, NaN NaN)"
19,BN212UD,BN25BE,40.2,0.0,,560184.0,101058.0,50.786969,0.27110748,532654.0,103901.0,50.819468,-0.11817668,"[560184.0, 101058.0]","[532654.0, 103901.0]","[[560184.0, 101058.0], [532654.0, 103901.0]]","LINESTRING (560184 101058, 532654 103901)"
20,BN212UD,,,,0.0,560184.0,101058.0,50.786969,0.27110748,,,,,"[560184.0, 101058.0]","[nan, nan]","[[560184.0, 101058.0], [nan, nan]]","LINESTRING (560184 101058, NaN NaN)"
21,BN25BE,BN25BE,0.0,0.0,0.0,532654.0,103901.0,50.819468,-0.11817668,532654.0,103901.0,50.819468,-0.11817668,"[532654.0, 103901.0]","[532654.0, 103901.0]","[[532654.0, 103901.0], [532654.0, 103901.0]]","LINESTRING (532654 103901, 532654 103901)"
22,BR68ND,SE59RW,34.8,0.0,,543478.0,164974.0,51.365713,0.059625435,532536.0,176228.0,51.469505,-0.093251533,"[543478.0, 164974.0]","[532536.0, 176228.0]","[[543478.0, 164974.0], [532536.0, 176228.0]]","LINESTRING (543478 164974, 532536 176228)"
23,BR68ND,,,,0.0,543478.0,164974.0,51.365713,0.059625435,,,,,"[543478.0, 164974.0]","[nan, nan]","[[543478.0, 164974.0], [nan, nan]]","LINESTRING (543478 164974, NaN NaN)"
24,BS105NB,BS105NB,0.0,1.0,1.0,358935.0,177766.0,51.497333,-2.5929485,358935.0,177766.0,51.497333,-2.5929485,"[358935.0, 177766.0]","[358935.0, 177766.0]","[[358935.0, 177766.0], [358935.0, 177766.0]]","LINESTRING (358935 177766, 358935 177766)"
25,BS234TQ,BS105NB,43.4,1.0,,332406.0,158585.0,51.322335,-2.9713986,358935.0,177766.0,51.497333,-2.5929485,"[332406.0, 158585.0]","[358935.0, 177766.0]","[[332406.0, 158585.0], [358935.0, 177766.0]]","LINESTRING (332406 158585, 358935 177766)"
26,BS234TQ,,,,0.0,332406.0,158585.0,51.322335,-2.9713986,,,,,"[332406.0, 158585.0]","[nan, nan]","[[332406.0, 158585.0], [nan, nan]]","LINESTRING (332406 158585, NaN NaN)"
27,BS28HW,,,0.0,0.0,358668.0,173492.0,51.458886,-2.596293,,,,,"[358668.0, 173492.0]","[nan, nan]","[[358668.0, 173492.0], [nan, nan]]","LINESTRING (358668 173492, NaN NaN)"
28,CA27HY,NE14LP,75.6,0.0,,338830.0,556086.0,54.895745,-2.9552949,424540.0,565083.0,54.979753,-1.6181094,"[338830.0, 556086.0]","[424540.0, 565083.0]","[[338830.0, 556086.0], [424540.0, 565083.0]]","LINESTRING (338830 556086, 424540 565083)"
29,CA27HY,,,,0.0,338830.0,556086.0,54.895745,-2.9552949,,,,,"[338830.0, 556086.0]","[nan, nan]","[[338830.0, 556086.0], [nan, nan]]","LINESTRING (338830 556086, NaN NaN)"
30,CA288JG,,,0.0,0.0,298940.0,516115.0,54.530195,-3.5631749,,,,,"[298940.0, 516115.0]","[nan, nan]","[[298940.0, 516115.0], [nan, nan]]","LINESTRING (298940 516115, NaN NaN)"
31,CB20QQ,CB20QQ,0.0,0.0,0.0,546375.0,254988.0,52.173741,0.13911444,546375.0,254988.0,52.173741,0.13911444,"[546375.0, 254988.0]","[546375.0, 254988.0]","[[546375.0, 254988.0], [546375.0, 254988.0]]","LINESTRING (546375 254988, 546375 254988)"
32,CF144XW,CF144XW,0.0,0.0,0.0,317551.0,179319.0,51.506764,-3.1893604,317551.0,179319.0,51.506764,-3.1893604,"[317551.0, 179319.0]","[317551.0, 179319.0]","[[317551.0, 179319.0], [317551.0, 179319.0]]","LINESTRING (317551 179319, 317551 179319)"
33,CF311RQ,CF144XW,28.4,0.0,,291047.0,181033.0,51.517676,-3.5716382,317551.0,179319.0,51.506764,-3.1893604,"[291047.0, 181033.0]","[317551.0, 179319.0]","[[291047.0, 181033.0], [317551.0, 179319.0]]","LINESTRING (291047 181033, 317551 179319)"
34,CF311RQ,,,,0.0,291047.0,181033.0,51.517676,-3.5716382,,,,,"[291047.0, 181033.0]","[nan, nan]","[[291047.0, 181033.0], [nan, nan]]","LINESTRING (291047 181033, NaN NaN)"
35,CF479DT,CF144XW,38.0,0.0,,304481.0,208161.0,51.763954,-3.3855045,317551.0,179319.0,51.506764,-3.1893604,"[304481.0, 208161.0]","[317551.0, 179319.0]","[[304481.0, 208161.0], [317551.0, 179319.0]]","LINESTRING (304481 208161, 317551 179319)"
36,CF479DT,,,,0.0,304481.0,208161.0,51.763954,-3.3855045,,,,,"[304481.0, 208161.0]","[nan, nan]","[[304481.0, 208161.0], [nan, nan]]","LINESTRING (304481 208161, NaN NaN)"
37,CH21UL,L97AL,42.3,0.0,,340058.0,368678.0,53.211767,-2.8990244,338020.0,397205.0,53.467918,-2.9351308,"[340058.0, 368678.0]","[338020.0, 397205.0]","[[340058.0, 368678.0], [338020.0, 397205.0]]","LINESTRING (340058 368678, 338020 397205)"
38,CH21UL,,,,0.0,340058.0,368678.0,53.211767,-2.8990244,,,,,"[340058.0, 368678.0]","[nan, nan]","[[340058.0, 368678.0], [nan, nan]]","LINESTRING (340058 368678, NaN NaN)"
39,CH495PE,L97AL,27.3,0.0,,327212.0,386557.0,53.370841,-3.0954486,338020.0,397205.0,53.467918,-2.9351308,"[327212.0, 386557.0]","[338020.0, 397205.0]","[[327212.0, 386557.0], [338020.0, 397205.0]]","LINESTRING (327212 386557, 338020 397205)"
40,CH495PE,,,,0.0,327212.0,386557.0,53.370841,-3.0954486,,,,,"[327212.0, 386557.0]","[nan, nan]","[[327212.0, 386557.0], [nan, nan]]","LINESTRING (327212 386557, NaN NaN)"
41,CM17ET,RM70AG,36.9,0.0,,570191.0,211310.0,51.774585,0.46542433,551110.0,187777.0,51.568622,0.17891397,"[570191.0, 211310.0]","[551110.0, 187777.0]","[[570191.0, 211310.0], [551110.0, 187777.0]]","LINESTRING (570191 211310, 551110 187777)"
42,CM17ET,,,,0.0,570191.0,211310.0,51.774585,0.46542433,,,,,"[570191.0, 211310.0]","[nan, nan]","[[570191.0, 211310.0], [nan, nan]]","LINESTRING (570191 211310, NaN NaN)"
43,CO45JL,RM70AG,58.4,0.0,,599526.0,227427.0,51.909629,0.89936594,551110.0,187777.0,51.568622,0.17891397,"[599526.0, 227427.0]","[551110.0, 187777.0]","[[599526.0, 227427.0], [551110.0, 187777.0]]","LINESTRING (599526 227427, 551110 187777)"
44,CO45JL,,,,0.0,599526.0,227427.0,51.909629,0.89936594,,,,,"[599526.0, 227427.0]","[nan, nan]","[[599526.0, 227427.0], [nan, nan]]","LINESTRING (599526 227427, NaN NaN)"
45,CT13NG,RM70AG,71.3,0.0,,615456.0,156464.0,51.266589,1.0870832,551110.0,187777.0,51.568622,0.17891397,"[615456.0, 156464.0]","[551110.0, 187777.0]","[[615456.0, 156464.0], [551110.0, 187777.0]]","LINESTRING (615456 156464, 551110 187777)"
46,CT13NG,,,,0.0,615456.0,156464.0,51.266589,1.0870832,,,,,"[615456.0, 156464.0]","[nan, nan]","[[615456.0, 156464.0], [nan, nan]]","LINESTRING (615456 156464, NaN NaN)"
47,CT94AN,,,0.0,0.0,635967.0,169786.0,51.378053,1.3893845,,,,,"[635967.0, 169786.0]","[nan, nan]","[[635967.0, 169786.0], [nan, nan]]","LINESTRING (635967 169786, NaN NaN)"
48,CV107DJ,,,0.0,0.0,435718.0,290586.0,52.511999,-1.4751307,,,,,"[435718.0, 290586.0]","[nan, nan]","[[435718.0, 290586.0], [nan, nan]]","LINESTRING (435718 290586, NaN NaN)"
49,CV22DX,CV22DX,0.0,0.0,0.0,437942.0,280527.0,52.421424,-1.4435031,437942.0,280527.0,52.421424,-1.4435031,"[437942.0, 280527.0]","[437942.0, 280527.0]","[[437942.0, 280527.0], [437942.0, 280527.0]]","LINESTRING (437942 280527, 437942 280527)"
50,CV345BW,,,0.0,0.0,428525.0,265839.0,52.28995,-1.5832152,,,,,"[428525.0, 265839.0]","[nan, nan]","[[428525.0, 265839.0], [nan, nan]]","LINESTRING (428525 265839, NaN NaN)"
51,CW14QJ,ST46QG,29.4,0.0,,368248.0,357940.0,53.117685,-2.4758631,385678.0,345211.0,53.004021,-2.2148723,"[368248.0, 357940.0]","[385678.0, 345211.0]","[[368248.0, 357940.0], [385678.0, 345211.0]]","LINESTRING (368248 357940, 385678 345211)"
52,CW14QJ,,,,0.0,368248.0,357940.0,53.117685,-2.4758631,,,,,"[368248.0, 357940.0]","[nan, nan]","[[368248.0, 357940.0], [nan, nan]]","LINESTRING (368248 357940, NaN NaN)"
53,DA28DA,RM70AG,29.4,0.0,,557060.0,173092.0,51.435061,0.25816101,551110.0,187777.0,51.568622,0.17891397,"[557060.0, 173092.0]","[551110.0, 187777.0]","[[557060.0, 173092.0], [551110.0, 187777.0]]","LINESTRING (557060 173092, 551110 187777)"
54,DA28DA,,,,0.0,557060.0,173092.0,51.435061,0.25816101,,,,,"[557060.0, 173092.0]","[nan, nan]","[[557060.0, 173092.0], [nan, nan]]","LINESTRING (557060 173092, NaN NaN)"
55,DE130RB,,,0.0,0.0,423313.0,324460.0,52.817179,-1.6555278,,,,,"[423313.0, 324460.0]","[nan, nan]","[[423313.0, 324460.0], [nan, nan]]","LINESTRING (423313 324460, NaN NaN)"
56,DE223NE,NG72UH,28.4,0.0,,432826.0,335014.0,52.911556,-1.5133206,454811.0,338760.0,52.943439,-1.1857996,"[432826.0, 335014.0]","[454811.0, 338760.0]","[[432826.0, 335014.0], [454811.0, 338760.0]]","LINESTRING (432826 335014, 454811 338760)"
57,DE223NE,,,,0.0,432826.0,335014.0,52.911556,-1.5133206,,,,,"[432826.0, 335014.0]","[nan, nan]","[[432826.0, 335014.0], [nan, nan]]","LINESTRING (432826 335014, NaN NaN)"
58,DH15TW,NE14LP,27.3,0.0,,426275.0,543854.0,54.788899,-1.5929282,424540.0,565083.0,54.979753,-1.6181094,"[426275.0, 543854.0]","[424540.0, 565083.0]","[[426275.0, 543854.0], [424540.0, 565083.0]]","LINESTRING (426275 543854, 424540 565083)"
59,DH15TW,,,,0.0,426275.0,543854.0,54.788899,-1.5929282,,,,,"[426275.0, 543854.0]","[nan, nan]","[[426275.0, 543854.0], [nan, nan]]","LINESTRING (426275 543854, NaN NaN)"
60,DN157BH,HU32JZ,42.3,0.0,,488341.0,410921.0,53.58744,-0.66693886,508369.0,428810.0,53.744412,-0.35827125,"[488341.0, 410921.0]","[508369.0, 428810.0]","[[488341.0, 410921.0], [508369.0, 428810.0]]","LINESTRING (488341 410921, 508369 428810)"
61,DN157BH,,,,0.0,488341.0,410921.0,53.58744,-0.66693886,,,,,"[488341.0, 410921.0]","[nan, nan]","[[488341.0, 410921.0], [nan, nan]]","LINESTRING (488341 410921, NaN NaN)"
62,DN25LT,S102JF,33.7,0.0,,459141.0,404156.0,53.530742,-1.1092567,433794.0,386966.0,53.378472,-1.4934651,"[459141.0, 404156.0]","[433794.0, 386966.0]","[[459141.0, 404156.0], [433794.0, 386966.0]]","LINESTRING (459141 404156, 433794 386966)"
63,DN25LT,,,,0.0,459141.0,404156.0,53.530742,-1.1092567,,,,,"[459141.0, 404156.0]","[nan, nan]","[[459141.0, 404156.0], [nan, nan]]","LINESTRING (459141 404156, NaN NaN)"
64,DT12JY,SO166YD,67.0,0.0,,368528.0,90521.0,50.713461,-2.4471253,439793.0,114993.0,50.933019,-1.435104,"[368528.0, 90521.0]","[439793.0, 114993.0]","[[368528.0, 90521.0], [439793.0, 114993.0]]","LINESTRING (368528 90521, 439793 114993)"
65,DT12JY,,,,0.0,368528.0,90521.0,50.713461,-2.4471253,,,,,"[368528.0, 90521.0]","[nan, nan]","[[368528.0, 90521.0], [nan, nan]]","LINESTRING (368528 90521, NaN NaN)"
66,DY12HQ,B152TH,25.1,0.0,,392104.0,289385.0,52.502306,-2.1177498,404427.0,283926.0,52.453272,-1.9362835,"[392104.0, 289385.0]","[404427.0, 283926.0]","[[392104.0, 289385.0], [404427.0, 283926.0]]","LINESTRING (392104 289385, 404427 283926)"
67,DY12HQ,,,,0.0,392104.0,289385.0,52.502306,-2.1177498,,,,,"[392104.0, 289385.0]","[nan, nan]","[[392104.0, 289385.0], [nan, nan]]","LINESTRING (392104 289385, NaN NaN)"
68,E11BB,E11BB,0.0,0.0,0.0,534833.0,181799.0,51.519026,-0.058075032,534833.0,181799.0,51.519026,-0.058075032,"[534833.0, 181799.0]","[534833.0, 181799.0]","[[534833.0, 181799.0], [534833.0, 181799.0]]","LINESTRING (534833 181799, 534833 181799)"
69,EX25DW,PL68DH,59.5,1.0,,293730.0,91870.0,50.716712,-3.5066801,249930.0,59564.0,50.41672,-4.1136845,"[293730.0, 91870.0]","[249930.0, 59564.0]","[[293730.0, 91870.0], [249930.0, 59564.0]]","LINESTRING (293730 91870, 249930 59564)"
70,EX25DW,,,,0.0,293730.0,91870.0,50.716712,-3.5066801,,,,,"[293730.0, 91870.0]","[nan, nan]","[[293730.0, 91870.0], [nan, nan]]","LINESTRING (293730 91870, NaN NaN)"
71,EX314JB,PL68DH,90.6,1.0,,256457.0,134545.0,51.092201,-4.0511326,249930.0,59564.0,50.41672,-4.1136845,"[256457.0, 134545.0]","[249930.0, 59564.0]","[[256457.0, 134545.0], [249930.0, 59564.0]]","LINESTRING (256457 134545, 249930 59564)"
72,EX314JB,,,,0.0,256457.0,134545.0,51.092201,-4.0511326,,,,,"[256457.0, 134545.0]","[nan, nan]","[[256457.0, 134545.0], [nan, nan]]","LINESTRING (256457 134545, NaN NaN)"
73,FY38NR,PR29HT,25.1,0.0,,333195.0,436523.0,53.820669,-3.0162645,353495.0,433014.0,53.79135,-2.7074034,"[333195.0, 436523.0]","[353495.0, 433014.0]","[[333195.0, 436523.0], [353495.0, 433014.0]]","LINESTRING (333195 436523, 353495 433014)"
74,FY38NR,,,,0.0,333195.0,436523.0,53.820669,-3.0162645,,,,,"[333195.0, 436523.0]","[nan, nan]","[[333195.0, 436523.0], [nan, nan]]","LINESTRING (333195 436523, NaN NaN)"
75,GL13NN,BS105NB,46.6,1.0,,383992.0,218638.0,51.866088,-2.2338867,358935.0,177766.0,51.497333,-2.5929485,"[383992.0, 218638.0]","[358935.0, 177766.0]","[[383992.0, 218638.0], [358935.0, 177766.0]]","LINESTRING (383992 218638, 358935 177766)"
76,GL13NN,,,,0.0,383992.0,218638.0,51.866088,-2.2338867,,,,,"[383992.0, 218638.0]","[nan, nan]","[[383992.0, 218638.0], [nan, nan]]","LINESTRING (383992 218638, NaN NaN)"
77,GU167UJ,SW66SX,45.5,0.0,,487794.0,158592.0,51.31967,-0.74155505,524227.0,176487.0,51.473716,-0.21272176,"[487794.0, 158592.0]","[524227.0, 176487.0]","[[487794.0, 158592.0], [524227.0, 176487.0]]","LINESTRING (487794 158592, 524227 176487)"
78,GU167UJ,,,,0.0,487794.0,158592.0,51.31967,-0.74155505,,,,,"[487794.0, 158592.0]","[nan, nan]","[[487794.0, 158592.0], [nan, nan]]","LINESTRING (487794 158592, NaN NaN)"
79,GU27XX,,,0.0,0.0,497304.0,150015.0,51.241025,-0.60746234,,,,,"[497304.0, 150015.0]","[nan, nan]","[[497304.0, 150015.0], [nan, nan]]","LINESTRING (497304 150015, NaN NaN)"
80,HA13UJ,NW12BU,25.1,0.0,,516346.0,187581.0,51.575098,-0.32248145,529340.0,182306.0,51.524865,-0.13701251,"[516346.0, 187581.0]","[529340.0, 182306.0]","[[516346.0, 187581.0], [529340.0, 182306.0]]","LINESTRING (516346 187581, 529340 182306)"
81,HA13UJ,,,,0.0,516346.0,187581.0,51.575098,-0.32248145,,,,,"[516346.0, 187581.0]","[nan, nan]","[[516346.0, 187581.0], [nan, nan]]","LINESTRING (516346 187581, NaN NaN)"
82,HG27SX,,,0.0,0.0,431709.0,455414.0,53.993799,-1.5178329,,,,,"[431709.0, 455414.0]","[nan, nan]","[[431709.0, 455414.0], [nan, nan]]","LINESTRING (431709 455414, NaN NaN)"
83,HP112TT,OX39DU,34.8,0.0,,486387.0,192671.0,51.626235,-0.75341914,453940.0,207531.0,51.763871,-1.2198064,"[486387.0, 192671.0]","[453940.0, 207531.0]","[[486387.0, 192671.0], [453940.0, 207531.0]]","LINESTRING (486387 192671, 453940 207531)"
84,HP112TT,,,,0.0,486387.0,192671.0,51.626235,-0.75341914,,,,,"[486387.0, 192671.0]","[nan, nan]","[[486387.0, 192671.0], [nan, nan]]","LINESTRING (486387 192671, NaN NaN)"
85,HR12ER,CF144XW,72.4,0.0,,351722.0,240075.0,52.056942,-2.7055327,317551.0,179319.0,51.506764,-3.1893604,"[351722.0, 240075.0]","[317551.0, 179319.0]","[[351722.0, 240075.0], [317551.0, 179319.0]]","LINESTRING (351722 240075, 317551 179319)"
86,HR12ER,,,,0.0,351722.0,240075.0,52.056942,-2.7055327,,,,,"[351722.0, 240075.0]","[nan, nan]","[[351722.0, 240075.0], [nan, nan]]","LINESTRING (351722 240075, NaN NaN)"
87,HU32JZ,HU32JZ,0.0,0.0,0.0,508369.0,428810.0,53.744412,-0.35827125,508369.0,428810.0,53.744412,-0.35827125,"[508369.0, 428810.0]","[508369.0, 428810.0]","[[508369.0, 428810.0], [508369.0, 428810.0]]","LINESTRING (508369 428810, 508369 428810)"
88,HX30PW,LS13EX,30.5,0.0,,409519.0,423218.0,53.705306,-1.8572797,429621.0,433998.0,53.801445,-1.5517436,"[409519.0, 423218.0]","[429621.0, 433998.0]","[[409519.0, 423218.0], [429621.0, 433998.0]]","LINESTRING (409519 423218, 429621 433998)"
89,HX30PW,,,,0.0,409519.0,423218.0,53.705306,-1.8572797,,,,,"[409519.0, 423218.0]","[nan, nan]","[[409519.0, 423218.0], [nan, nan]]","LINESTRING (409519 423218, NaN NaN)"
90,IP332QZ,CB20QQ,45.5,0.0,,585110.0,262732.0,52.231662,0.70917557,546375.0,254988.0,52.173741,0.13911444,"[585110.0, 262732.0]","[546375.0, 254988.0]","[[585110.0, 262732.0], [546375.0, 254988.0]]","LINESTRING (585110 262732, 546375 254988)"
91,IP332QZ,,,,0.0,585110.0,262732.0,52.231662,0.70917557,,,,,"[585110.0, 262732.0]","[nan, nan]","[[585110.0, 262732.0], [nan, nan]]","LINESTRING (585110 262732, NaN NaN)"
92,IP45PD,CB20QQ,76.7,0.0,,619213.0,245003.0,52.060012,1.1963461,546375.0,254988.0,52.173741,0.13911444,"[619213.0, 245003.0]","[546375.0, 254988.0]","[[619213.0, 245003.0], [546375.0, 254988.0]]","LINESTRING (619213 245003, 546375 254988)"
93,IP45PD,,,,0.0,619213.0,245003.0,52.060012,1.1963461,,,,,"[619213.0, 245003.0]","[nan, nan]","[[619213.0, 245003.0], [nan, nan]]","LINESTRING (619213 245003, NaN NaN)"
94,KT160PZ,SW66SX,35.9,0.0,,502628.0,165256.0,51.377091,-0.52683986,524227.0,176487.0,51.473716,-0.21272176,"[502628.0, 165256.0]","[524227.0, 176487.0]","[[502628.0, 165256.0], [524227.0, 176487.0]]","LINESTRING (502628 165256, 524227 176487)"
95,KT160PZ,,,,0.0,502628.0,165256.0,51.377091,-0.52683986,,,,,"[502628.0, 165256.0]","[nan, nan]","[[502628.0, 165256.0], [nan, nan]]","LINESTRING (502628 165256, NaN NaN)"
96,KT187EG,SW170QT,26.2,0.0,,520402.0,159851.0,51.325026,-0.27340744,526925.0,171325.0,51.426727,-0.17574589,"[520402.0, 159851.0]","[526925.0, 171325.0]","[[520402.0, 159851.0], [526925.0, 171325.0]]","LINESTRING (520402 159851, 526925 171325)"
97,KT187EG,,,,0.0,520402.0,159851.0,51.325026,-0.27340744,,,,,"[520402.0, 159851.0]","[nan, nan]","[[520402.0, 159851.0], [nan, nan]]","LINESTRING (520402 159851, NaN NaN)"
98,L355DR,L97AL,18.7,0.0,,347861.0,391845.0,53.420813,-2.7860133,338020.0,397205.0,53.467918,-2.9351308,"[347861.0, 391845.0]","[338020.0, 397205.0]","[[347861.0, 391845.0], [338020.0, 397205.0]]","LINESTRING (347861 391845, 338020 397205)"
99,L355DR,,,,0.0,347861.0,391845.0,53.420813,-2.7860133,,,,,"[347861.0, 391845.0]","[nan, nan]","[[347861.0, 391845.0], [nan, nan]]","LINESTRING (347861 391845, NaN NaN)"
100,L78XP,,,0.0,0.0,335962.0,390733.0,53.409506,-2.9648088,,,,,"[335962.0, 390733.0]","[nan, nan]","[[335962.0, 390733.0], [nan, nan]]","LINESTRING (335962 390733, NaN NaN)"
101,L97AL,L97AL,0.0,0.0,0.0,338020.0,397205.0,53.467918,-2.9351308,338020.0,397205.0,53.467918,-2.9351308,"[338020.0, 397205.0]","[338020.0, 397205.0]","[[338020.0, 397205.0], [338020.0, 397205.0]]","LINESTRING (338020 397205, 338020 397205)"
102,LA144LF,PR29HT,74.5,0.0,,321180.0,471847.0,54.136395,-3.2078839,353495.0,433014.0,53.79135,-2.7074034,"[321180.0, 471847.0]","[353495.0, 433014.0]","[[321180.0, 471847.0], [353495.0, 433014.0]]","LINESTRING (321180 471847, 353495 433014)"
103,LA144LF,,,,0.0,321180.0,471847.0,54.136395,-3.2078839,,,,,"[321180.0, 471847.0]","[nan, nan]","[[321180.0, 471847.0], [nan, nan]]","LINESTRING (321180 471847, NaN NaN)"
104,LA14RP,PR29HT,30.5,0.0,,347775.0,461064.0,54.042889,-2.7990215,353495.0,433014.0,53.79135,-2.7074034,"[347775.0, 461064.0]","[353495.0, 433014.0]","[[347775.0, 461064.0], [353495.0, 433014.0]]","LINESTRING (347775 461064, 353495 433014)"
105,LA14RP,,,,0.0,347775.0,461064.0,54.042889,-2.7990215,,,,,"[347775.0, 461064.0]","[nan, nan]","[[347775.0, 461064.0], [nan, nan]]","LINESTRING (347775 461064, NaN NaN)"
106,LE15WW,CV22DX,31.6,0.0,,458660.0,303691.0,52.627817,-1.1348028,437942.0,280527.0,52.421424,-1.4435031,"[458660.0, 303691.0]","[437942.0, 280527.0]","[[458660.0, 303691.0], [437942.0, 280527.0]]","LINESTRING (458660 303691, 437942 280527)"
107,LE15WW,,,,0.0,458660.0,303691.0,52.627817,-1.1348028,,,,,"[458660.0, 303691.0]","[nan, nan]","[[458660.0, 303691.0], [nan, nan]]","LINESTRING (458660 303691, NaN NaN)"
108,LL137TD,L97AL,54.1,0.0,,332375.0,350356.0,53.046173,-3.0101802,338020.0,397205.0,53.467918,-2.9351308,"[332375.0, 350356.0]","[338020.0, 397205.0]","[[332375.0, 350356.0], [338020.0, 397205.0]]","LINESTRING (332375 350356, 338020 397205)"
109,LL137TD,,,,0.0,332375.0,350356.0,53.046173,-3.0101802,,,,,"[332375.0, 350356.0]","[nan, nan]","[[332375.0, 350356.0], [nan, nan]]","LINESTRING (332375 350356, NaN NaN)"
110,LL185UJ,L97AL,67.0,0.0,,300309.0,376019.0,53.271755,-3.4963452,338020.0,397205.0,53.467918,-2.9351308,"[300309.0, 376019.0]","[338020.0, 397205.0]","[[300309.0, 376019.0], [338020.0, 397205.0]]","LINESTRING (300309 376019, 338020 397205)"
111,LL185UJ,,,,0.0,300309.0,376019.0,53.271755,-3.4963452,,,,,"[300309.0, 376019.0]","[nan, nan]","[[300309.0, 376019.0], [nan, nan]]","LINESTRING (300309 376019, NaN NaN)"
112,LL572PW,L97AL,103.5,0.0,,255857.0,370173.0,53.20902,-4.1598251,338020.0,397205.0,53.467918,-2.9351308,"[255857.0, 370173.0]","[338020.0, 397205.0]","[[255857.0, 370173.0], [338020.0, 397205.0]]","LINESTRING (255857 370173, 338020 397205)"
113,LL572PW,,,,0.0,255857.0,370173.0,53.20902,-4.1598251,,,,,"[255857.0, 370173.0]","[nan, nan]","[[255857.0, 370173.0], [nan, nan]]","LINESTRING (255857 370173, NaN NaN)"
114,LN25QY,NG72UH,57.4,0.0,,499010.0,371619.0,53.232388,-0.51814791,454811.0,338760.0,52.943439,-1.1857996,"[499010.0, 371619.0]","[454811.0, 338760.0]","[[499010.0, 371619.0], [454811.0, 338760.0]]","LINESTRING (499010 371619, 454811 338760)"
115,LN25QY,,,,0.0,499010.0,371619.0,53.232388,-0.51814791,,,,,"[499010.0, 371619.0]","[nan, nan]","[[499010.0, 371619.0], [nan, nan]]","LINESTRING (499010 371619, NaN NaN)"
116,LS13EX,LS13EX,0.0,0.0,0.0,429621.0,433998.0,53.801445,-1.5517436,429621.0,433998.0,53.801445,-1.5517436,"[429621.0, 433998.0]","[429621.0, 433998.0]","[[429621.0, 433998.0], [429621.0, 433998.0]]","LINESTRING (429621 433998, 429621 433998)"
117,LU40DZ,NW12BU,45.5,0.0,,505086.0,222836.0,51.894177,-0.47426894,529340.0,182306.0,51.524865,-0.13701251,"[505086.0, 222836.0]","[529340.0, 182306.0]","[[505086.0, 222836.0], [529340.0, 182306.0]]","LINESTRING (505086 222836, 529340 182306)"
118,LU40DZ,,,,0.0,505086.0,222836.0,51.894177,-0.47426894,,,,,"[505086.0, 222836.0]","[nan, nan]","[[505086.0, 222836.0], [nan, nan]]","LINESTRING (505086 222836, NaN NaN)"
119,M68HD,M68HD,0.0,0.0,0.0,378686.0,398995.0,53.487232,-2.3226835,378686.0,398995.0,53.487232,-2.3226835,"[378686.0, 398995.0]","[378686.0, 398995.0]","[[378686.0, 398995.0], [378686.0, 398995.0]]","LINESTRING (378686 398995, 378686 398995)"
120,ME169QQ,RM70AG,48.8,0.0,,573362.0,155654.0,51.273662,0.48397392,551110.0,187777.0,51.568622,0.17891397,"[573362.0, 155654.0]","[551110.0, 187777.0]","[[573362.0, 155654.0], [551110.0, 187777.0]]","LINESTRING (573362 155654, 551110 187777)"
121,ME169QQ,,,,0.0,573362.0,155654.0,51.273662,0.48397392,,,,,"[573362.0, 155654.0]","[nan, nan]","[[573362.0, 155654.0], [nan, nan]]","LINESTRING (573362 155654, NaN NaN)"
122,ME75NY,,,0.0,0.0,577021.0,167424.0,51.378267,0.54221759,,,,,"[577021.0, 167424.0]","[nan, nan]","[[577021.0, 167424.0], [nan, nan]]","LINESTRING (577021 167424, NaN NaN)"
123,MK429DJ,,,0.0,0.0,504712.0,248939.0,52.128848,-0.47173007,,,,,"[504712.0, 248939.0]","[nan, nan]","[[504712.0, 248939.0], [nan, nan]]","LINESTRING (504712 248939, NaN NaN)"
124,MK65LD,OX39DU,52.0,0.0,,486835.0,237195.0,52.026383,-0.73579539,453940.0,207531.0,51.763871,-1.2198064,"[486835.0, 237195.0]","[453940.0, 207531.0]","[[486835.0, 237195.0], [453940.0, 207531.0]]","LINESTRING (486835 237195, 453940 207531)"
125,MK65LD,,,,0.0,486835.0,237195.0,52.026383,-0.73579539,,,,,"[486835.0, 237195.0]","[nan, nan]","[[486835.0, 237195.0], [nan, nan]]","LINESTRING (486835 237195, NaN NaN)"
126,NE14LP,NE14LP,0.0,0.0,0.0,424540.0,565083.0,54.979753,-1.6181094,424540.0,565083.0,54.979753,-1.6181094,"[424540.0, 565083.0]","[424540.0, 565083.0]","[[424540.0, 565083.0], [424540.0, 565083.0]]","LINESTRING (424540 565083, 424540 565083)"
127,NE236NZ,NE14LP,20.8,0.0,,427587.0,575599.0,55.074089,-1.5694923,424540.0,565083.0,54.979753,-1.6181094,"[427587.0, 575599.0]","[424540.0, 565083.0]","[[427587.0, 575599.0], [424540.0, 565083.0]]","LINESTRING (427587 575599, 424540 565083)"
128,NE236NZ,,,,0.0,427587.0,575599.0,55.074089,-1.5694923,,,,,"[427587.0, 575599.0]","[nan, nan]","[[427587.0, 575599.0], [nan, nan]]","LINESTRING (427587 575599, NaN NaN)"
129,NE340PL,,,0.0,0.0,436591.0,564288.0,54.971872,-1.4299296,,,,,"[436591.0, 564288.0]","[nan, nan]","[[436591.0, 564288.0], [nan, nan]]","LINESTRING (436591 564288, NaN NaN)"
130,NE96SX,,,0.0,0.0,426939.0,560550.0,54.938896,-1.5810513,,,,,"[426939.0, 560550.0]","[nan, nan]","[[426939.0, 560550.0], [nan, nan]]","LINESTRING (426939 560550, NaN NaN)"
131,NG174JL,NG72UH,29.4,0.0,,451071.0,359997.0,53.134692,-1.2380927,454811.0,338760.0,52.943439,-1.1857996,"[451071.0, 359997.0]","[454811.0, 338760.0]","[[451071.0, 359997.0], [454811.0, 338760.0]]","LINESTRING (451071 359997, 454811 338760)"
132,NG174JL,,,,0.0,451071.0,359997.0,53.134692,-1.2380927,,,,,"[451071.0, 359997.0]","[nan, nan]","[[451071.0, 359997.0], [nan, nan]]","LINESTRING (451071 359997, NaN NaN)"
133,NG51PB,,,0.0,0.0,456481.0,343879.0,52.989277,-1.16006,,,,,"[456481.0, 343879.0]","[nan, nan]","[[456481.0, 343879.0], [nan, nan]]","LINESTRING (456481 343879, NaN NaN)"
134,NG72UH,NG72UH,0.0,0.0,0.0,454811.0,338760.0,52.943439,-1.1857996,454811.0,338760.0,52.943439,-1.1857996,"[454811.0, 338760.0]","[454811.0, 338760.0]","[[454811.0, 338760.0], [454811.0, 338760.0]]","LINESTRING (454811 338760, 454811 338760)"
135,NN15BD,CV22DX,43.4,0.0,,476123.0,260466.0,52.237132,-0.88668728,437942.0,280527.0,52.421424,-1.4435031,"[476123.0, 260466.0]","[437942.0, 280527.0]","[[476123.0, 260466.0], [437942.0, 280527.0]]","LINESTRING (476123 260466, 437942 280527)"
136,NN15BD,,,,0.0,476123.0,260466.0,52.237132,-0.88668728,,,,,"[476123.0, 260466.0]","[nan, nan]","[[476123.0, 260466.0], [nan, nan]]","LINESTRING (476123 260466, NaN NaN)"
137,NP202UB,,,0.0,0.0,330932.0,187243.0,51.579798,-2.9981523,,,,,"[330932.0, 187243.0]","[nan, nan]","[[330932.0, 187243.0], [nan, nan]]","LINESTRING (330932 187243, NaN NaN)"
138,NP448YN,CF144XW,26.2,0.0,,331159.0,194636.0,51.646288,-2.9963314,317551.0,179319.0,51.506764,-3.1893604,"[331159.0, 194636.0]","[317551.0, 179319.0]","[[331159.0, 194636.0], [317551.0, 179319.0]]","LINESTRING (331159 194636, 317551 179319)"
139,NP448YN,,,,0.0,331159.0,194636.0,51.646288,-2.9963314,,,,,"[331159.0, 194636.0]","[nan, nan]","[[331159.0, 194636.0], [nan, nan]]","LINESTRING (331159 194636, NaN NaN)"
140,NR316LA,CB20QQ,105.7,0.0,,652093.0,302477.0,52.561672,1.7179799,546375.0,254988.0,52.173741,0.13911444,"[652093.0, 302477.0]","[546375.0, 254988.0]","[[652093.0, 302477.0], [546375.0, 254988.0]]","LINESTRING (652093 302477, 546375 254988)"
141,NR316LA,,,,0.0,652093.0,302477.0,52.561672,1.7179799,,,,,"[652093.0, 302477.0]","[nan, nan]","[[652093.0, 302477.0], [nan, nan]]","LINESTRING (652093 302477, NaN NaN)"
142,NR47UY,CB20QQ,78.8,0.0,,618143.0,307129.0,52.618086,1.2210668,546375.0,254988.0,52.173741,0.13911444,"[618143.0, 307129.0]","[546375.0, 254988.0]","[[618143.0, 307129.0], [546375.0, 254988.0]]","LINESTRING (618143 307129, 546375 254988)"
143,NR47UY,,,,0.0,618143.0,307129.0,52.618086,1.2210668,,,,,"[618143.0, 307129.0]","[nan, nan]","[[618143.0, 307129.0], [nan, nan]]","LINESTRING (618143 307129, NaN NaN)"
144,NW12BU,NW12BU,0.0,0.0,0.0,529340.0,182306.0,51.524865,-0.13701251,529340.0,182306.0,51.524865,-0.13701251,"[529340.0, 182306.0]","[529340.0, 182306.0]","[[529340.0, 182306.0], [529340.0, 182306.0]]","LINESTRING (529340 182306, 529340 182306)"
145,OX169AL,,,0.0,0.0,445582.0,239667.0,52.053522,-1.3366639,,,,,"[445582.0, 239667.0]","[nan, nan]","[[445582.0, 239667.0], [nan, nan]]","LINESTRING (445582 239667, NaN NaN)"
146,OX39DU,OX39DU,0.0,0.0,0.0,453940.0,207531.0,51.763871,-1.2198064,453940.0,207531.0,51.763871,-1.2198064,"[453940.0, 207531.0]","[453940.0, 207531.0]","[[453940.0, 207531.0], [453940.0, 207531.0]]","LINESTRING (453940 207531, 453940 207531)"
147,PE219QS,,,0.0,0.0,533685.0,345596.0,52.991023,-0.0097936295,,,,,"[533685.0, 345596.0]","[nan, nan]","[[533685.0, 345596.0], [nan, nan]]","LINESTRING (533685 345596, NaN NaN)"
148,PE304ET,CB20QQ,64.9,0.0,,565229.0,320493.0,52.756781,0.44699931,546375.0,254988.0,52.173741,0.13911444,"[565229.0, 320493.0]","[546375.0, 254988.0]","[[565229.0, 320493.0], [546375.0, 254988.0]]","LINESTRING (565229 320493, 546375 254988)"
149,PE304ET,,,,0.0,565229.0,320493.0,52.756781,0.44699931,,,,,"[565229.0, 320493.0]","[nan, nan]","[[565229.0, 320493.0], [nan, nan]]","LINESTRING (565229 320493, NaN NaN)"
150,PE39GZ,CB20QQ,56.3,0.0,,516622.0,300016.0,52.585451,-0.28009333,546375.0,254988.0,52.173741,0.13911444,"[516622.0, 300016.0]","[546375.0, 254988.0]","[[516622.0, 300016.0], [546375.0, 254988.0]]","LINESTRING (516622 300016, 546375 254988)"
151,PE39GZ,,,,0.0,516622.0,300016.0,52.585451,-0.28009333,,,,,"[516622.0, 300016.0]","[nan, nan]","[[516622.0, 300016.0], [nan, nan]]","LINESTRING (516622 300016, NaN NaN)"
152,PL68DH,PL68DH,0.0,1.0,1.0,249930.0,59564.0,50.41672,-4.1136845,249930.0,59564.0,50.41672,-4.1136845,"[249930.0, 59564.0]","[249930.0, 59564.0]","[[249930.0, 59564.0], [249930.0, 59564.0]]","LINESTRING (249930 59564, 249930 59564)"
153,PO196SE,SO166YD,47.7,0.0,,486835.0,105616.0,50.843562,-0.7680267,439793.0,114993.0,50.933019,-1.435104,"[486835.0, 105616.0]","[439793.0, 114993.0]","[[486835.0, 105616.0], [439793.0, 114993.0]]","LINESTRING (486835 105616, 439793 114993)"
154,PO196SE,,,,0.0,486835.0,105616.0,50.843562,-0.7680267,,,,,"[486835.0, 105616.0]","[nan, nan]","[[486835.0, 105616.0], [nan, nan]]","LINESTRING (486835 105616, NaN NaN)"
155,PO305TG,SO166YD,117.5,0.0,,449458.0,90396.0,50.711101,-1.3008871,439793.0,114993.0,50.933019,-1.435104,"[449458.0, 90396.0]","[439793.0, 114993.0]","[[449458.0, 90396.0], [439793.0, 114993.0]]","LINESTRING (449458 90396, 439793 114993)"
156,PO305TG,,,,0.0,449458.0,90396.0,50.711101,-1.3008871,,,,,"[449458.0, 90396.0]","[nan, nan]","[[449458.0, 90396.0], [nan, nan]]","LINESTRING (449458 90396, NaN NaN)"
157,PO63LY,SO166YD,31.6,0.0,,465473.0,105974.0,50.849589,-1.0713238,439793.0,114993.0,50.933019,-1.435104,"[465473.0, 105974.0]","[439793.0, 114993.0]","[[465473.0, 105974.0], [439793.0, 114993.0]]","LINESTRING (465473 105974, 439793 114993)"
158,PO63LY,,,,0.0,465473.0,105974.0,50.849589,-1.0713238,,,,,"[465473.0, 105974.0]","[nan, nan]","[[465473.0, 105974.0], [nan, nan]]","LINESTRING (465473 105974, NaN NaN)"
159,PR29HT,PR29HT,0.0,0.0,0.0,353495.0,433014.0,53.79135,-2.7074034,353495.0,433014.0,53.79135,-2.7074034,"[353495.0, 433014.0]","[353495.0, 433014.0]","[[353495.0, 433014.0], [353495.0, 433014.0]]","LINESTRING (353495 433014, 353495 433014)"
160,PR86PN,,,0.0,0.0,335399.0,415683.0,53.633665,-2.9784316,,,,,"[335399.0, 415683.0]","[nan, nan]","[[335399.0, 415683.0], [nan, nan]]","LINESTRING (335399 415683, NaN NaN)"
161,RG15AN,SW66SX,49.8,0.0,,472458.0,173005.0,51.451402,-0.95864504,524227.0,176487.0,51.473716,-0.21272176,"[472458.0, 173005.0]","[524227.0, 176487.0]","[[472458.0, 173005.0], [524227.0, 176487.0]]","LINESTRING (472458 173005, 524227 176487)"
162,RG15AN,,,,0.0,472458.0,173005.0,51.451402,-0.95864504,,,,,"[472458.0, 173005.0]","[nan, nan]","[[472458.0, 173005.0], [nan, nan]]","LINESTRING (472458 173005, NaN NaN)"
163,RH15RH,SW170QT,38.0,0.0,,528510.0,148207.0,51.218607,-0.16128808,526925.0,171325.0,51.426727,-0.17574589,"[528510.0, 148207.0]","[526925.0, 171325.0]","[[528510.0, 148207.0], [526925.0, 171325.0]]","LINESTRING (528510 148207, 526925 171325)"
164,RH15RH,,,,0.0,528510.0,148207.0,51.218607,-0.16128808,,,,,"[528510.0, 148207.0]","[nan, nan]","[[528510.0, 148207.0], [nan, nan]]","LINESTRING (528510 148207, NaN NaN)"
165,RH164EX,,,0.0,0.0,534069.0,123045.0,50.991198,-0.091075995,,,,,"[534069.0, 123045.0]","[nan, nan]","[[534069.0, 123045.0], [nan, nan]]","LINESTRING (534069 123045, NaN NaN)"
166,RM70AG,RM70AG,0.0,0.0,0.0,551110.0,187777.0,51.568622,0.17891397,551110.0,187777.0,51.568622,0.17891397,"[551110.0, 187777.0]","[551110.0, 187777.0]","[[551110.0, 187777.0], [551110.0, 187777.0]]","LINESTRING (551110 187777, 551110 187777)"
167,S102JF,S102JF,0.0,0.0,0.0,433794.0,386966.0,53.378472,-1.4934651,433794.0,386966.0,53.378472,-1.4934651,"[433794.0, 386966.0]","[433794.0, 386966.0]","[[433794.0, 386966.0], [433794.0, 386966.0]]","LINESTRING (433794 386966, 433794 386966)"
168,S445BL,S102JF,27.3,0.0,,440139.0,371189.0,53.236223,-1.4000812,433794.0,386966.0,53.378472,-1.4934651,"[440139.0, 371189.0]","[433794.0, 386966.0]","[[440139.0, 371189.0], [433794.0, 386966.0]]","LINESTRING (440139 371189, 433794 386966)"
169,S445BL,,,,0.0,440139.0,371189.0,53.236223,-1.4000812,,,,,"[440139.0, 371189.0]","[nan, nan]","[[440139.0, 371189.0], [nan, nan]]","LINESTRING (440139 371189, NaN NaN)"
170,S602UD,,,0.0,0.0,443795.0,391046.0,53.414411,-1.3425728,,,,,"[443795.0, 391046.0]","[nan, nan]","[[443795.0, 391046.0], [nan, nan]]","LINESTRING (443795 391046, NaN NaN)"
171,S752EP,,,0.0,0.0,433247.0,406971.0,53.558314,-1.4995781,,,,,"[433247.0, 406971.0]","[nan, nan]","[[433247.0, 406971.0], [nan, nan]]","LINESTRING (433247 406971, NaN NaN)"
172,SA148QF,CF144XW,59.5,0.0,,252459.0,201367.0,51.691612,-4.1359742,317551.0,179319.0,51.506764,-3.1893604,"[252459.0, 201367.0]","[317551.0, 179319.0]","[[252459.0, 201367.0], [317551.0, 179319.0]]","LINESTRING (252459 201367, 317551 179319)"
173,SA148QF,,,,0.0,252459.0,201367.0,51.691612,-4.1359742,,,,,"[252459.0, 201367.0]","[nan, nan]","[[252459.0, 201367.0], [nan, nan]]","LINESTRING (252459 201367, NaN NaN)"
174,SA312AF,CF144XW,76.7,0.0,,242792.0,221240.0,51.867524,-4.2847226,317551.0,179319.0,51.506764,-3.1893604,"[242792.0, 221240.0]","[317551.0, 179319.0]","[[242792.0, 221240.0], [317551.0, 179319.0]]","LINESTRING (242792 221240, 317551 179319)"
175,SA312AF,,,,0.0,242792.0,221240.0,51.867524,-4.2847226,,,,,"[242792.0, 221240.0]","[nan, nan]","[[242792.0, 221240.0], [nan, nan]]","LINESTRING (242792 221240, NaN NaN)"
176,SA612PZ,CF144XW,107.8,0.0,,195710.0,216835.0,51.812716,-4.9650724,317551.0,179319.0,51.506764,-3.1893604,"[195710.0, 216835.0]","[317551.0, 179319.0]","[[195710.0, 216835.0], [317551.0, 179319.0]]","LINESTRING (195710 216835, 317551 179319)"
177,SA612PZ,,,,0.0,195710.0,216835.0,51.812716,-4.9650724,,,,,"[195710.0, 216835.0]","[nan, nan]","[[195710.0, 216835.0], [nan, nan]]","LINESTRING (195710 216835, NaN NaN)"
178,SA66NL,CF144XW,52.0,0.0,,266311.0,200206.0,51.684652,-3.9352525,317551.0,179319.0,51.506764,-3.1893604,"[266311.0, 200206.0]","[317551.0, 179319.0]","[[266311.0, 200206.0], [317551.0, 179319.0]]","LINESTRING (266311 200206, 317551 179319)"
179,SA66NL,,,,0.0,266311.0,200206.0,51.684652,-3.9352525,,,,,"[266311.0, 200206.0]","[nan, nan]","[[266311.0, 200206.0], [nan, nan]]","LINESTRING (266311 200206, NaN NaN)"
180,SE59RW,SE59RW,0.0,0.0,0.0,532536.0,176228.0,51.469505,-0.093251533,532536.0,176228.0,51.469505,-0.093251533,"[532536.0, 176228.0]","[532536.0, 176228.0]","[[532536.0, 176228.0], [532536.0, 176228.0]]","LINESTRING (532536 176228, 532536 176228)"
181,SG14AB,CB20QQ,39.1,0.0,,522999.0,226630.0,51.924611,-0.21272607,546375.0,254988.0,52.173741,0.13911444,"[522999.0, 226630.0]","[546375.0, 254988.0]","[[522999.0, 226630.0], [546375.0, 254988.0]]","LINESTRING (522999 226630, 546375 254988)"
182,SG14AB,,,,0.0,522999.0,226630.0,51.924611,-0.21272607,,,,,"[522999.0, 226630.0]","[nan, nan]","[[522999.0, 226630.0], [nan, nan]]","LINESTRING (522999 226630, NaN NaN)"
183,SK27JE,M68HD,27.3,0.0,,391316.0,387446.0,53.383787,-2.1320199,378686.0,398995.0,53.487232,-2.3226835,"[391316.0, 387446.0]","[378686.0, 398995.0]","[[391316.0, 387446.0], [378686.0, 398995.0]]","LINESTRING (391316 387446, 378686 398995)"
184,SK27JE,,,,0.0,391316.0,387446.0,53.383787,-2.1320199,,,,,"[391316.0, 387446.0]","[nan, nan]","[[391316.0, 387446.0], [nan, nan]]","LINESTRING (391316 387446, NaN NaN)"
185,SL24HL,,,0.0,0.0,498930.0,182543.0,51.533136,-0.57512489,,,,,"[498930.0, 182543.0]","[nan, nan]","[[498930.0, 182543.0], [nan, nan]]","LINESTRING (498930 182543, NaN NaN)"
186,SN36BB,BS105NB,49.8,1.0,,418983.0,182175.0,51.538161,-1.7276925,358935.0,177766.0,51.497333,-2.5929485,"[418983.0, 182175.0]","[358935.0, 177766.0]","[[418983.0, 182175.0], [358935.0, 177766.0]]","LINESTRING (418983 182175, 358935 177766)"
187,SN36BB,,,,0.0,418983.0,182175.0,51.538161,-1.7276925,,,,,"[418983.0, 182175.0]","[nan, nan]","[[418983.0, 182175.0], [nan, nan]]","LINESTRING (418983 182175, NaN NaN)"
188,SO166YD,SO166YD,0.0,0.0,0.0,439793.0,114993.0,50.933019,-1.435104,439793.0,114993.0,50.933019,-1.435104,"[439793.0, 114993.0]","[439793.0, 114993.0]","[[439793.0, 114993.0], [439793.0, 114993.0]]","LINESTRING (439793 114993, 439793 114993)"
189,SO225DG,SO166YD,23.0,0.0,,446982.0,129328.0,51.061375,-1.3309587,439793.0,114993.0,50.933019,-1.435104,"[446982.0, 129328.0]","[439793.0, 114993.0]","[[446982.0, 129328.0], [439793.0, 114993.0]]","LINESTRING (446982 129328, 439793 114993)"
190,SO225DG,,,,0.0,446982.0,129328.0,51.061375,-1.3309587,,,,,"[446982.0, 129328.0]","[nan, nan]","[[446982.0, 129328.0], [nan, nan]]","LINESTRING (446982 129328, NaN NaN)"
191,SP28BJ,SO166YD,35.9,1.0,,414831.0,127199.0,51.043955,-1.7898225,439793.0,114993.0,50.933019,-1.435104,"[414831.0, 127199.0]","[439793.0, 114993.0]","[[414831.0, 127199.0], [439793.0, 114993.0]]","LINESTRING (414831 127199, 439793 114993)"
192,SP28BJ,,,,0.0,414831.0,127199.0,51.043955,-1.7898225,,,,,"[414831.0, 127199.0]","[nan, nan]","[[414831.0, 127199.0], [nan, nan]]","LINESTRING (414831 127199, NaN NaN)"
193,SR47TP,NE14LP,25.1,0.0,,437866.0,556641.0,54.903063,-1.4110182,424540.0,565083.0,54.979753,-1.6181094,"[437866.0, 556641.0]","[424540.0, 565083.0]","[[437866.0, 556641.0], [424540.0, 565083.0]]","LINESTRING (437866 556641, 424540 565083)"
194,SR47TP,,,,0.0,437866.0,556641.0,54.903063,-1.4110182,,,,,"[437866.0, 556641.0]","[nan, nan]","[[437866.0, 556641.0], [nan, nan]]","LINESTRING (437866 556641, NaN NaN)"
195,SS00RY,RM70AG,40.2,0.0,,586524.0,187310.0,51.553836,0.68909337,551110.0,187777.0,51.568622,0.17891397,"[586524.0, 187310.0]","[551110.0, 187777.0]","[[586524.0, 187310.0], [551110.0, 187777.0]]","LINESTRING (586524 187310, 551110 187777)"
196,SS00RY,,,,0.0,586524.0,187310.0,51.553836,0.68909337,,,,,"[586524.0, 187310.0]","[nan, nan]","[[586524.0, 187310.0], [nan, nan]]","LINESTRING (586524 187310, NaN NaN)"
197,SS165NL,RM70AG,27.3,0.0,,569975.0,187157.0,51.557686,0.45055726,551110.0,187777.0,51.568622,0.17891397,"[569975.0, 187157.0]","[551110.0, 187777.0]","[[569975.0, 187157.0], [551110.0, 187777.0]]","LINESTRING (569975 187157, 551110 187777)"
198,SS165NL,,,,0.0,569975.0,187157.0,51.557686,0.45055726,,,,,"[569975.0, 187157.0]","[nan, nan]","[[569975.0, 187157.0], [nan, nan]]","LINESTRING (569975 187157, NaN NaN)"
199,ST46QG,ST46QG,0.0,0.0,0.0,385678.0,345211.0,53.004021,-2.2148723,385678.0,345211.0,53.004021,-2.2148723,"[385678.0, 345211.0]","[385678.0, 345211.0]","[[385678.0, 345211.0], [385678.0, 345211.0]]","LINESTRING (385678 345211, 385678 345211)"
200,SW170QT,SW170QT,0.0,0.0,0.0,526925.0,171325.0,51.426727,-0.17574589,526925.0,171325.0,51.426727,-0.17574589,"[526925.0, 171325.0]","[526925.0, 171325.0]","[[526925.0, 171325.0], [526925.0, 171325.0]]","LINESTRING (526925 171325, 526925 171325)"
201,SW66SX,SW66SX,0.0,0.0,0.0,524227.0,176487.0,51.473716,-0.21272176,524227.0,176487.0,51.473716,-0.21272176,"[524227.0, 176487.0]","[524227.0, 176487.0]","[[524227.0, 176487.0], [524227.0, 176487.0]]","LINESTRING (524227 176487, 524227 176487)"
202,SY231ER,CF144XW,135.8,0.0,,259208.0,281805.0,52.416068,-4.0715775,317551.0,179319.0,51.506764,-3.1893604,"[259208.0, 281805.0]","[317551.0, 179319.0]","[[259208.0, 281805.0], [317551.0, 179319.0]]","LINESTRING (259208 281805, 317551 179319)"
203,SY231ER,,,,0.0,259208.0,281805.0,52.416068,-4.0715775,,,,,"[259208.0, 281805.0]","[nan, nan]","[[259208.0, 281805.0], [nan, nan]]","LINESTRING (259208 281805, NaN NaN)"
204,TA15DA,BS105NB,65.9,1.0,,321541.0,124218.0,51.01197,-3.1197783,358935.0,177766.0,51.497333,-2.5929485,"[321541.0, 124218.0]","[358935.0, 177766.0]","[[321541.0, 124218.0], [358935.0, 177766.0]]","LINESTRING (321541 124218, 358935 177766)"
205,TA15DA,,,,0.0,321541.0,124218.0,51.01197,-3.1197783,,,,,"[321541.0, 124218.0]","[nan, nan]","[[321541.0, 124218.0], [nan, nan]]","LINESTRING (321541 124218, NaN NaN)"
206,TF16TF,B152TH,46.6,0.0,,365606.0,312873.0,52.712417,-2.510547,404427.0,283926.0,52.453272,-1.9362835,"[365606.0, 312873.0]","[404427.0, 283926.0]","[[365606.0, 312873.0], [404427.0, 283926.0]]","LINESTRING (365606 312873, 404427 283926)"
207,TF16TF,,,,0.0,365606.0,312873.0,52.712417,-2.510547,,,,,"[365606.0, 312873.0]","[nan, nan]","[[365606.0, 312873.0], [nan, nan]]","LINESTRING (365606 312873, NaN NaN)"
208,TN240LZ,,,0.0,0.0,604090.0,142068.0,51.141489,0.91620878,,,,,"[604090.0, 142068.0]","[nan, nan]","[[604090.0, 142068.0], [nan, nan]]","LINESTRING (604090 142068, NaN NaN)"
209,TN24QJ,,,0.0,0.0,561472.0,141407.0,51.149149,0.30726198,,,,,"[561472.0, 141407.0]","[nan, nan]","[[561472.0, 141407.0], [nan, nan]]","LINESTRING (561472 141407, NaN NaN)"
210,TQ27AA,PL68DH,52.0,1.0,,289858.0,65877.0,50.482325,-3.5537901,249930.0,59564.0,50.41672,-4.1136845,"[289858.0, 65877.0]","[249930.0, 59564.0]","[[289858.0, 65877.0], [249930.0, 59564.0]]","LINESTRING (289858 65877, 249930 59564)"
211,TQ27AA,,,,0.0,289858.0,65877.0,50.482325,-3.5537901,,,,,"[289858.0, 65877.0]","[nan, nan]","[[289858.0, 65877.0], [nan, nan]]","LINESTRING (289858 65877, NaN NaN)"
212,TR13LQ,PL68DH,75.6,1.0,,179563.0,45467.0,50.267934,-5.0946045,249930.0,59564.0,50.41672,-4.1136845,"[179563.0, 45467.0]","[249930.0, 59564.0]","[[179563.0, 45467.0], [249930.0, 59564.0]]","LINESTRING (179563 45467, 249930 59564)"
213,TR13LQ,,,,0.0,179563.0,45467.0,50.267934,-5.0946045,,,,,"[179563.0, 45467.0]","[nan, nan]","[[179563.0, 45467.0], [nan, nan]]","LINESTRING (179563 45467, NaN NaN)"
214,TS198PE,TS43BW,21.9,0.0,,442318.0,521055.0,54.582933,-1.3467595,450919.0,517709.0,54.552075,-1.2142736,"[442318.0, 521055.0]","[450919.0, 517709.0]","[[442318.0, 521055.0], [450919.0, 517709.0]]","LINESTRING (442318 521055, 450919 517709)"
215,TS198PE,,,,0.0,442318.0,521055.0,54.582933,-1.3467595,,,,,"[442318.0, 521055.0]","[nan, nan]","[[442318.0, 521055.0], [nan, nan]]","LINESTRING (442318 521055, NaN NaN)"
216,TS43BW,TS43BW,0.0,0.0,0.0,450919.0,517709.0,54.552075,-1.2142736,450919.0,517709.0,54.552075,-1.2142736,"[450919.0, 517709.0]","[450919.0, 517709.0]","[[450919.0, 517709.0], [450919.0, 517709.0]]","LINESTRING (450919 517709, 450919 517709)"
217,WA51QG,,,0.0,0.0,359484.0,388746.0,53.393982,-2.6107326,,,,,"[359484.0, 388746.0]","[nan, nan]","[[359484.0, 388746.0], [nan, nan]]","LINESTRING (359484 388746, NaN NaN)"
218,WD180HB,NW12BU,34.8,0.0,,510485.0,195678.0,51.649051,-0.40447202,529340.0,182306.0,51.524865,-0.13701251,"[510485.0, 195678.0]","[529340.0, 182306.0]","[[510485.0, 195678.0], [529340.0, 182306.0]]","LINESTRING (510485 195678, 529340 182306)"
219,WD180HB,,,,0.0,510485.0,195678.0,51.649051,-0.40447202,,,,,"[510485.0, 195678.0]","[nan, nan]","[[510485.0, 195678.0], [nan, nan]]","LINESTRING (510485 195678, NaN NaN)"
220,WF14DG,LS13EX,24.1,0.0,,433875.0,421914.0,53.69258,-1.4884777,429621.0,433998.0,53.801445,-1.5517436,"[433875.0, 421914.0]","[429621.0, 433998.0]","[[433875.0, 421914.0], [429621.0, 433998.0]]","LINESTRING (433875 421914, 429621 433998)"
221,WF14DG,,,,0.0,433875.0,421914.0,53.69258,-1.4884777,,,,,"[433875.0, 421914.0]","[nan, nan]","[[433875.0, 421914.0], [nan, nan]]","LINESTRING (433875 421914, NaN NaN)"
222,WR51DD,B152TH,35.9,0.0,,387714.0,254789.0,52.191202,-2.1811435,404427.0,283926.0,52.453272,-1.9362835,"[387714.0, 254789.0]","[404427.0, 283926.0]","[[387714.0, 254789.0], [404427.0, 283926.0]]","LINESTRING (387714 254789, 404427 283926)"
223,WR51DD,,,,0.0,387714.0,254789.0,52.191202,-2.1811435,,,,,"[387714.0, 254789.0]","[nan, nan]","[[387714.0, 254789.0], [nan, nan]]","LINESTRING (387714 254789, NaN NaN)"
224,WS29PS,,,0.0,0.0,400152.0,298264.0,52.582186,-1.9991893,,,,,"[400152.0, 298264.0]","[nan, nan]","[[400152.0, 298264.0], [nan, nan]]","LINESTRING (400152 298264, NaN NaN)"
225,WV100QP,B152TH,29.4,0.0,,393569.0,300055.0,52.598247,-2.0963786,404427.0,283926.0,52.453272,-1.9362835,"[393569.0, 300055.0]","[404427.0, 283926.0]","[[393569.0, 300055.0], [404427.0, 283926.0]]","LINESTRING (393569 300055, 404427 283926)"
226,WV100QP,,,,0.0,393569.0,300055.0,52.598247,-2.0963786,,,,,"[393569.0, 300055.0]","[nan, nan]","[[393569.0, 300055.0], [nan, nan]]","LINESTRING (393569 300055, NaN NaN)"
227,YO318HE,LS13EX,44.5,0.0,,460208.0,453108.0,53.970547,-1.0836401,429621.0,433998.0,53.801445,-1.5517436,"[460208.0, 453108.0]","[429621.0, 433998.0]","[[460208.0, 453108.0], [429621.0, 433998.0]]","LINESTRING (460208 453108, 429621 433998)"
228,YO318HE,,,,0.0,460208.0,453108.0,53.970547,-1.0836401,,,,,"[460208.0, 453108.0]","[nan, nan]","[[460208.0, 453108.0], [nan, nan]]","LINESTRING (460208 453108, NaN NaN)"
